delivery_id,user_id,store_id,distance_km,delivery_mode,delivery_time,carbon_saved_g
D000,U334,S005,14.2,Grouped,2025-06-29 12:36 AM,282
D001,U265,S004,6.3,Grouped,2025-06-29 01:10 PM,105
D002,U053,S005,2.2,Grouped,2025-06-29 08:05 PM,353
D003,U405,S002,12.9,Grouped,2025-06-30 03:43 AM,376
D004,U261,S005,5.3,Solo,2025-06-28 08:08 AM,296
D005,U372,S005,10.1,Grouped,2025-06-26 04:53 AM,174
D006,U071,S002,12.4,Grouped,2025-06-29 02:36 PM,115
D007,U160,S003,9.6,Solo,2025-06-26 09:28 AM,209
D008,U299,S003,13.5,Grouped,2025-06-26 11:01 AM,125
D009,U241,S001,6.0,Solo,2025-06-29 02:14 AM,199
D010,U189,S004,14.6,Grouped,2025-06-28 02:47 PM,79
D011,U122,S003,8.6,Grouped,2025-06-28 05:01 AM,266
D012,U177,S004,4.5,Grouped,2025-06-29 09:29 AM,377
D013,U466,S003,4.6,Grouped,2025-06-29 09:36 PM,224
D014,U097,S003,10.7,Solo,2025-06-27 05:54 PM,357
D015,U355,S001,6.3,Solo,2025-06-29 06:06 PM,365
D016,U154,S003,7.4,Grouped,2025-06-29 08:37 AM,103
D017,U233,S004,13.4,Grouped,2025-06-27 12:44 PM,303
D018,U113,S002,14.0,Grouped,2025-06-26 12:58 AM,404
D019,U118,S005,8.1,Grouped,2025-06-30 12:00 PM,172
D020,U247,S004,11.5,Solo,2025-06-30 08:35 AM,463
D021,U379,S005,6.9,Solo,2025-06-29 11:45 PM,144
D022,U423,S004,14.9,Solo,2025-06-30 05:33 AM,55
D023,U038,S005,6.7,Grouped,2025-06-28 05:15 AM,122
D024,U149,S002,7.7,Solo,2025-06-29 04:15 PM,72
D025,U500,S001,2.4,Grouped,2025-06-29 06:52 AM,195
D026,U090,S002,4.8,Solo,2025-06-30 02:47 PM,418
D027,U090,S002,6.4,Grouped,2025-06-26 06:47 AM,141
D028,U101,S003,2.3,Solo,2025-06-26 06:00 AM,101
D029,U011,S005,12.8,Grouped,2025-06-28 02:09 AM,244
D030,U336,S001,12.2,Grouped,2025-06-26 12:47 AM,223
D031,U480,S003,4.7,Solo,2025-06-28 12:56 AM,172
D032,U190,S004,12.5,Grouped,2025-06-26 11:51 AM,319
D033,U410,S001,15.0,Solo,2025-06-29 04:21 PM,499
D034,U365,S003,2.8,Grouped,2025-06-30 08:39 AM,116
D035,U407,S003,4.5,Solo,2025-06-26 04:45 AM,405
D036,U192,S002,6.1,Solo,2025-06-25 10:54 PM,375
D037,U126,S002,14.0,Grouped,2025-06-26 11:19 AM,487
D038,U275,S004,5.8,Grouped,2025-06-28 12:04 PM,217
D039,U127,S001,2.7,Solo,2025-06-28 02:51 AM,496
D040,U065,S003,13.1,Solo,2025-06-26 10:48 PM,157
D041,U373,S002,3.1,Solo,2025-06-30 04:02 AM,454
D042,U340,S002,10.0,Grouped,2025-06-27 08:09 PM,310
D043,U199,S004,11.8,Solo,2025-06-26 01:48 PM,305
D044,U266,S005,8.0,Solo,2025-06-27 09:29 PM,414
D045,U192,S001,8.8,Solo,2025-06-30 07:14 AM,416
D046,U490,S004,8.4,Solo,2025-06-27 03:50 AM,347
D047,U206,S004,10.3,Grouped,2025-06-28 08:12 PM,156
D048,U113,S001,13.6,Solo,2025-06-25 06:38 PM,491
D049,U121,S005,7.1,Solo,2025-06-29 12:30 PM,267
D050,U456,S004,6.9,Grouped,2025-06-26 10:04 AM,481
D051,U192,S002,5.3,Grouped,2025-06-28 04:28 AM,118
D052,U385,S002,3.1,Solo,2025-06-30 04:53 PM,315
D053,U181,S004,5.0,Grouped,2025-06-27 04:27 PM,288
D054,U263,S004,10.1,Solo,2025-06-29 06:21 AM,280
D055,U240,S005,7.6,Solo,2025-06-30 11:55 AM,461
D056,U255,S004,6.1,Solo,2025-06-29 09:51 AM,62
D057,U092,S003,7.7,Solo,2025-06-29 10:31 AM,380
D058,U039,S002,6.7,Grouped,2025-06-25 11:55 PM,200
D059,U432,S003,8.5,Grouped,2025-06-28 10:27 AM,452
D060,U142,S001,14.0,Grouped,2025-06-29 01:05 PM,110
D061,U037,S005,6.7,Grouped,2025-06-27 05:20 PM,220
D062,U101,S005,10.8,Solo,2025-06-30 12:18 AM,204
D063,U382,S005,12.6,Solo,2025-06-26 06:56 AM,147
D064,U362,S002,9.9,Grouped,2025-06-27 08:59 PM,487
D065,U386,S005,11.3,Solo,2025-06-27 03:24 PM,54
D066,U395,S004,5.9,Solo,2025-06-29 11:41 AM,450
D067,U207,S002,14.3,Grouped,2025-06-27 02:57 AM,291
D068,U335,S005,8.7,Grouped,2025-06-26 04:24 AM,493
D069,U204,S001,5.0,Grouped,2025-06-28 09:57 PM,292
D070,U120,S003,8.7,Solo,2025-06-28 02:14 PM,419
D071,U417,S002,8.0,Grouped,2025-06-26 12:09 AM,210
D072,U434,S005,4.4,Solo,2025-06-27 02:44 AM,157
D073,U225,S004,7.8,Grouped,2025-06-29 03:11 AM,241
D074,U072,S004,9.5,Grouped,2025-06-27 09:28 AM,206
D075,U483,S002,11.6,Solo,2025-06-28 10:33 PM,464
D076,U338,S001,12.8,Solo,2025-06-28 10:37 PM,165
D077,U215,S004,7.5,Solo,2025-06-29 02:55 AM,440
D078,U399,S003,11.0,Solo,2025-06-30 08:54 AM,216
D079,U301,S004,2.3,Grouped,2025-06-30 12:46 AM,121
D080,U079,S005,14.7,Solo,2025-06-26 08:49 PM,340
D081,U323,S002,12.4,Solo,2025-06-27 01:09 PM,245
D082,U105,S003,14.3,Grouped,2025-06-26 11:54 PM,323
D083,U198,S005,4.4,Grouped,2025-06-30 10:12 AM,218
D084,U292,S001,14.5,Solo,2025-06-29 08:59 PM,97
D085,U088,S001,3.4,Grouped,2025-06-30 12:31 AM,66
D086,U424,S002,11.0,Solo,2025-06-28 12:00 AM,63
D087,U096,S001,4.6,Solo,2025-06-27 10:34 AM,195
D088,U106,S003,5.0,Grouped,2025-06-26 10:40 AM,282
D089,U030,S004,6.8,Grouped,2025-06-27 01:16 AM,137
D090,U168,S003,13.2,Solo,2025-06-29 10:38 PM,250
D091,U081,S002,14.9,Grouped,2025-06-29 11:14 PM,324
D092,U215,S004,8.2,Grouped,2025-06-28 05:16 PM,249
D093,U490,S004,13.7,Grouped,2025-06-29 06:54 PM,116
D094,U446,S004,4.7,Solo,2025-06-28 01:00 AM,468
D095,U364,S001,10.6,Grouped,2025-06-25 06:24 PM,359
D096,U295,S003,14.2,Grouped,2025-06-26 11:29 AM,307
D097,U367,S004,10.9,Solo,2025-06-27 09:08 PM,153
D098,U004,S001,14.9,Solo,2025-06-30 09:49 AM,82
D099,U423,S002,7.2,Grouped,2025-06-26 11:02 PM,319
D100,U169,S002,13.8,Solo,2025-06-30 02:11 AM,285
D101,U237,S003,9.5,Grouped,2025-06-27 10:01 AM,197
D102,U331,S001,13.5,Solo,2025-06-29 12:36 AM,227
D103,U359,S002,13.0,Solo,2025-06-28 11:45 PM,250
D104,U314,S004,12.7,Grouped,2025-06-30 08:32 AM,262
D105,U128,S004,4.3,Solo,2025-06-26 10:43 AM,284
D106,U197,S004,13.8,Grouped,2025-06-30 11:40 AM,407
D107,U292,S001,3.2,Grouped,2025-06-29 03:18 AM,172
D108,U454,S003,13.3,Solo,2025-06-30 12:53 PM,371
D109,U276,S003,5.8,Grouped,2025-06-25 11:41 PM,407
D110,U372,S005,11.4,Grouped,2025-06-26 08:06 AM,302
D111,U211,S003,14.9,Grouped,2025-06-25 07:43 PM,238
D112,U040,S005,11.8,Solo,2025-06-30 03:21 PM,259
D113,U231,S001,4.1,Grouped,2025-06-27 06:48 AM,309
D114,U023,S001,8.0,Grouped,2025-06-26 07:49 AM,377
D115,U356,S003,10.8,Solo,2025-06-27 02:08 PM,245
D116,U176,S002,11.7,Grouped,2025-06-28 11:48 AM,253
D117,U020,S002,2.1,Grouped,2025-06-26 12:41 AM,413
D118,U470,S001,3.8,Solo,2025-06-29 09:10 PM,298
D119,U237,S002,2.9,Grouped,2025-06-28 04:18 PM,415
D120,U487,S002,7.7,Solo,2025-06-29 05:22 PM,470
D121,U143,S002,12.9,Grouped,2025-06-26 04:03 PM,479
D122,U010,S005,9.9,Grouped,2025-06-28 04:50 AM,200
D123,U064,S003,9.0,Solo,2025-06-30 10:38 AM,136
D124,U040,S001,10.7,Grouped,2025-06-25 05:10 PM,396
D125,U140,S001,4.0,Solo,2025-06-27 12:46 AM,141
D126,U111,S003,11.3,Grouped,2025-06-30 10:17 AM,276
D127,U357,S004,2.6,Grouped,2025-06-27 07:24 AM,249
D128,U354,S002,6.0,Grouped,2025-06-28 11:57 PM,356
D129,U003,S001,2.6,Solo,2025-06-27 04:40 PM,442
D130,U104,S003,14.1,Solo,2025-06-27 02:57 PM,172
D131,U103,S002,3.2,Solo,2025-06-28 07:51 PM,64
D132,U008,S005,6.4,Grouped,2025-06-26 10:35 PM,398
D133,U343,S001,2.8,Grouped,2025-06-26 11:26 AM,458
D134,U428,S004,12.8,Grouped,2025-06-29 03:42 PM,420
D135,U086,S004,2.6,Grouped,2025-06-26 01:33 PM,467
D136,U168,S001,6.2,Grouped,2025-06-27 07:23 AM,369
D137,U107,S005,14.1,Solo,2025-06-29 06:23 PM,269
D138,U062,S001,5.0,Grouped,2025-06-28 12:33 AM,232
D139,U166,S003,4.3,Solo,2025-06-26 09:59 PM,384
D140,U162,S001,2.2,Grouped,2025-06-28 01:10 PM,284
D141,U113,S003,2.9,Solo,2025-06-27 09:08 AM,382
D142,U320,S004,6.8,Grouped,2025-06-27 07:39 AM,161
D143,U211,S005,5.9,Solo,2025-06-30 10:48 AM,102
D144,U365,S005,9.0,Grouped,2025-06-28 09:10 AM,178
D145,U492,S003,3.2,Solo,2025-06-27 07:14 PM,373
D146,U357,S002,7.1,Grouped,2025-06-27 02:52 AM,220
D147,U090,S002,10.3,Solo,2025-06-29 12:33 AM,485
D148,U342,S005,8.3,Solo,2025-06-28 03:55 AM,59
D149,U312,S005,13.9,Solo,2025-06-30 10:32 AM,245
D150,U262,S002,10.3,Grouped,2025-06-25 09:48 PM,307
D151,U301,S004,11.2,Grouped,2025-06-27 05:21 PM,169
D152,U011,S002,10.0,Grouped,2025-06-28 08:18 PM,208
D153,U122,S003,11.6,Grouped,2025-06-26 02:57 AM,367
D154,U041,S002,2.8,Solo,2025-06-28 07:48 PM,305
D155,U152,S002,4.6,Solo,2025-06-28 05:49 AM,154
D156,U329,S005,2.5,Solo,2025-06-25 05:58 PM,428
D157,U450,S004,6.3,Solo,2025-06-29 08:22 AM,212
D158,U330,S001,12.2,Grouped,2025-06-26 07:17 AM,316
D159,U406,S001,14.7,Solo,2025-06-28 02:00 AM,434
D160,U013,S004,5.0,Solo,2025-06-28 08:51 PM,225
D161,U125,S001,4.7,Grouped,2025-06-26 05:32 PM,390
D162,U128,S005,12.4,Grouped,2025-06-28 08:00 PM,361
D163,U447,S002,7.0,Solo,2025-06-30 12:07 PM,143
D164,U227,S003,10.2,Grouped,2025-06-27 12:37 PM,495
D165,U252,S002,2.9,Grouped,2025-06-28 05:41 PM,76
D166,U325,S003,14.9,Grouped,2025-06-28 12:04 PM,114
D167,U047,S004,4.3,Grouped,2025-06-28 12:11 PM,170
D168,U260,S001,3.0,Solo,2025-06-28 05:22 PM,209
D169,U085,S003,11.4,Grouped,2025-06-26 12:53 PM,267
D170,U091,S005,9.9,Solo,2025-06-27 02:39 PM,196
D171,U296,S005,7.8,Grouped,2025-06-28 10:01 PM,189
D172,U442,S002,12.2,Grouped,2025-06-26 02:31 AM,234
D173,U204,S002,6.9,Solo,2025-06-27 04:41 AM,275
D174,U217,S002,8.6,Solo,2025-06-26 01:31 AM,439
D175,U080,S003,12.7,Solo,2025-06-30 11:42 AM,60
D176,U391,S003,7.0,Grouped,2025-06-29 09:35 PM,438
D177,U465,S001,14.0,Grouped,2025-06-30 03:44 PM,333
D178,U373,S003,4.3,Solo,2025-06-27 10:43 PM,287
D179,U157,S001,7.9,Solo,2025-06-28 07:29 PM,337
D180,U311,S005,8.3,Solo,2025-06-26 08:26 AM,119
D181,U367,S003,8.1,Grouped,2025-06-30 04:58 AM,147
D182,U003,S002,2.2,Solo,2025-06-26 09:10 PM,301
D183,U208,S004,14.0,Solo,2025-06-30 02:08 AM,430
D184,U192,S004,7.0,Solo,2025-06-26 05:07 PM,378
D185,U302,S005,2.9,Grouped,2025-06-26 02:08 PM,113
D186,U198,S004,14.1,Grouped,2025-06-30 08:05 AM,149
D187,U391,S005,7.7,Solo,2025-06-30 11:41 AM,444
D188,U468,S001,11.8,Solo,2025-06-26 03:46 AM,310
D189,U364,S003,8.4,Solo,2025-06-30 02:47 AM,406
D190,U030,S002,10.5,Solo,2025-06-26 03:00 AM,426
D191,U127,S005,5.2,Grouped,2025-06-28 05:08 AM,466
D192,U186,S004,10.2,Grouped,2025-06-30 11:44 AM,407
D193,U341,S001,10.4,Solo,2025-06-28 09:56 PM,359
D194,U234,S005,14.3,Grouped,2025-06-29 07:39 PM,180
D195,U127,S001,9.8,Grouped,2025-06-28 09:23 PM,56
D196,U060,S001,12.0,Solo,2025-06-26 01:39 PM,253
D197,U362,S001,9.6,Grouped,2025-06-26 04:12 PM,315
D198,U466,S003,4.5,Solo,2025-06-29 10:31 PM,134
D199,U425,S002,7.5,Solo,2025-06-28 04:08 AM,306
D200,U496,S003,8.9,Solo,2025-06-30 09:49 AM,350
D201,U158,S001,11.5,Grouped,2025-06-30 10:54 AM,105
D202,U326,S004,9.4,Solo,2025-06-29 08:34 AM,466
D203,U074,S003,5.5,Grouped,2025-06-28 05:06 PM,433
D204,U204,S002,11.1,Grouped,2025-06-29 02:59 AM,136
D205,U418,S002,8.4,Grouped,2025-06-26 02:49 AM,85
D206,U397,S005,11.1,Solo,2025-06-26 11:42 AM,385
D207,U148,S003,11.5,Grouped,2025-06-30 10:53 AM,140
D208,U192,S005,4.4,Grouped,2025-06-27 08:22 PM,151
D209,U250,S002,4.4,Grouped,2025-06-28 11:37 AM,280
D210,U291,S002,12.6,Grouped,2025-06-26 06:28 PM,152
D211,U031,S003,11.7,Grouped,2025-06-29 03:58 AM,182
D212,U462,S005,13.3,Solo,2025-06-28 04:38 AM,370
D213,U468,S002,10.1,Grouped,2025-06-28 03:39 AM,90
D214,U151,S005,3.1,Grouped,2025-06-27 02:18 AM,191
D215,U033,S005,6.4,Grouped,2025-06-27 07:39 PM,294
D216,U249,S003,10.7,Grouped,2025-06-28 01:43 PM,54
D217,U032,S003,5.5,Grouped,2025-06-28 09:13 AM,390
D218,U299,S001,12.3,Grouped,2025-06-26 02:55 PM,99
D219,U109,S004,8.8,Grouped,2025-06-30 01:21 PM,242
D220,U309,S003,8.8,Solo,2025-06-27 07:38 AM,298
D221,U243,S005,11.8,Solo,2025-06-26 12:31 PM,222
D222,U190,S003,10.9,Solo,2025-06-29 07:43 PM,211
D223,U419,S005,5.1,Solo,2025-06-28 03:12 PM,390
D224,U205,S004,6.9,Grouped,2025-06-28 05:43 PM,232
D225,U448,S003,6.3,Grouped,2025-06-28 12:39 PM,51
D226,U234,S001,13.3,Solo,2025-06-26 01:48 AM,421
D227,U428,S001,13.5,Grouped,2025-06-27 04:51 PM,63
D228,U309,S001,3.6,Solo,2025-06-28 09:40 PM,408
D229,U385,S003,12.6,Solo,2025-06-28 08:01 AM,281
D230,U317,S001,10.9,Solo,2025-06-25 08:38 PM,313
D231,U212,S003,10.6,Grouped,2025-06-29 12:30 AM,376
D232,U491,S001,14.2,Solo,2025-06-29 04:21 PM,58
D233,U325,S005,6.7,Grouped,2025-06-27 11:47 PM,463
D234,U377,S003,6.2,Solo,2025-06-26 02:06 PM,169
D235,U311,S003,8.3,Grouped,2025-06-26 08:50 PM,228
D236,U220,S005,14.2,Solo,2025-06-29 05:30 AM,387
D237,U439,S003,11.1,Grouped,2025-06-27 05:56 AM,425
D238,U198,S003,5.8,Grouped,2025-06-26 11:06 AM,414
D239,U074,S001,13.3,Grouped,2025-06-29 06:53 PM,115
D240,U255,S004,12.4,Solo,2025-06-27 10:20 PM,476
D241,U345,S001,15.0,Solo,2025-06-29 11:42 AM,136
D242,U459,S002,7.8,Grouped,2025-06-28 12:58 PM,296
D243,U340,S002,9.0,Grouped,2025-06-26 07:11 AM,158
D244,U088,S002,11.8,Grouped,2025-06-28 07:56 AM,104
D245,U223,S005,14.9,Grouped,2025-06-28 06:45 AM,132
D246,U476,S004,14.1,Solo,2025-06-25 10:12 PM,442
D247,U144,S005,4.9,Solo,2025-06-29 07:31 AM,390
D248,U244,S003,14.4,Grouped,2025-06-30 12:37 AM,390
D249,U070,S004,14.0,Solo,2025-06-26 10:05 AM,96
D250,U408,S002,11.0,Grouped,2025-06-29 01:25 PM,344
D251,U393,S005,14.0,Grouped,2025-06-27 09:08 PM,379
D252,U176,S001,6.9,Solo,2025-06-27 04:09 PM,384
D253,U329,S004,12.2,Solo,2025-06-29 07:00 PM,463
D254,U120,S001,4.9,Grouped,2025-06-29 02:36 PM,198
D255,U045,S005,3.4,Solo,2025-06-26 11:16 PM,429
D256,U304,S002,14.2,Grouped,2025-06-28 04:59 PM,343
D257,U189,S003,3.7,Solo,2025-06-28 11:55 AM,244
D258,U296,S001,11.6,Solo,2025-06-27 05:54 PM,81
D259,U303,S002,9.0,Solo,2025-06-26 11:44 AM,266
D260,U164,S002,12.0,Grouped,2025-06-25 08:00 PM,316
D261,U340,S005,9.8,Grouped,2025-06-27 12:51 AM,104
D262,U203,S001,2.1,Solo,2025-06-27 04:16 PM,211
D263,U075,S002,12.6,Solo,2025-06-29 11:11 PM,478
D264,U113,S005,8.5,Solo,2025-06-26 02:54 AM,125
D265,U308,S001,5.7,Grouped,2025-06-27 01:06 PM,356
D266,U164,S002,6.0,Grouped,2025-06-25 07:44 PM,190
D267,U435,S001,11.2,Solo,2025-06-27 10:12 PM,373
D268,U425,S003,4.8,Solo,2025-06-30 02:38 PM,410
D269,U495,S004,6.9,Solo,2025-06-29 11:29 PM,128
D270,U424,S003,11.3,Grouped,2025-06-30 03:05 PM,408
D271,U377,S004,2.7,Grouped,2025-06-26 03:25 AM,488
D272,U250,S002,11.5,Solo,2025-06-28 10:32 AM,467
D273,U338,S004,13.9,Grouped,2025-06-26 11:36 AM,61
D274,U281,S002,7.1,Solo,2025-06-29 12:46 PM,397
D275,U243,S001,14.9,Solo,2025-06-27 09:36 PM,250
D276,U037,S004,8.9,Solo,2025-06-27 10:33 PM,194
D277,U357,S003,14.0,Solo,2025-06-28 05:17 AM,99
D278,U068,S005,6.2,Grouped,2025-06-26 01:25 PM,485
D279,U479,S005,11.2,Solo,2025-06-26 11:59 AM,385
D280,U084,S005,9.5,Solo,2025-06-25 11:04 PM,406
D281,U248,S004,5.8,Grouped,2025-06-30 09:18 AM,157
D282,U112,S001,12.5,Grouped,2025-06-27 05:27 AM,426
D283,U334,S005,2.1,Grouped,2025-06-27 01:29 AM,397
D284,U403,S005,14.9,Grouped,2025-06-28 04:25 AM,242
D285,U487,S002,14.8,Grouped,2025-06-26 03:48 AM,78
D286,U050,S004,6.6,Solo,2025-06-30 05:16 AM,141
D287,U484,S004,2.7,Solo,2025-06-27 07:26 PM,353
D288,U223,S003,14.6,Solo,2025-06-29 03:42 AM,175
D289,U018,S004,3.5,Solo,2025-06-28 07:56 AM,300
D290,U155,S001,10.9,Grouped,2025-06-28 05:40 AM,384
D291,U382,S002,6.9,Grouped,2025-06-28 04:13 PM,448
D292,U238,S002,13.2,Solo,2025-06-26 04:08 PM,190
D293,U324,S004,10.5,Solo,2025-06-28 08:09 PM,55
D294,U062,S002,3.5,Grouped,2025-06-26 07:50 AM,300
D295,U329,S001,10.7,Grouped,2025-06-29 06:59 PM,61
D296,U301,S002,9.4,Solo,2025-06-28 02:55 PM,190
D297,U356,S002,11.7,Grouped,2025-06-26 11:59 AM,246
D298,U248,S003,15.0,Solo,2025-06-26 09:56 PM,202
D299,U293,S004,3.6,Solo,2025-06-27 05:21 PM,82
D300,U366,S005,13.8,Grouped,2025-06-27 09:05 AM,257
D301,U417,S001,11.1,Solo,2025-06-27 11:14 AM,334
D302,U419,S002,9.0,Solo,2025-06-29 02:32 AM,82
D303,U266,S005,12.9,Grouped,2025-06-27 06:59 AM,435
D304,U386,S004,4.7,Grouped,2025-06-29 10:48 AM,142
D305,U442,S005,9.8,Grouped,2025-06-27 10:47 PM,52
D306,U285,S005,7.8,Solo,2025-06-28 08:18 PM,112
D307,U021,S004,3.7,Grouped,2025-06-30 07:58 AM,384
D308,U083,S002,3.1,Solo,2025-06-28 04:56 AM,485
D309,U386,S001,2.5,Grouped,2025-06-30 03:23 AM,309
D310,U153,S002,6.7,Grouped,2025-06-27 05:35 PM,266
D311,U484,S001,10.6,Grouped,2025-06-26 10:39 PM,203
D312,U024,S003,14.3,Solo,2025-06-27 04:19 AM,387
D313,U274,S002,7.8,Solo,2025-06-26 05:00 AM,405
D314,U161,S002,8.8,Solo,2025-06-30 12:40 AM,360
D315,U276,S004,8.6,Grouped,2025-06-30 12:41 AM,389
D316,U420,S001,2.6,Grouped,2025-06-26 06:08 AM,146
D317,U073,S003,5.9,Grouped,2025-06-29 02:54 PM,118
D318,U309,S002,9.2,Solo,2025-06-27 05:20 PM,192
D319,U066,S001,11.5,Solo,2025-06-30 09:41 AM,88
D320,U282,S004,5.3,Solo,2025-06-26 03:37 AM,382
D321,U463,S001,4.1,Solo,2025-06-28 02:30 PM,92
D322,U484,S003,5.3,Solo,2025-06-30 11:59 AM,405
D323,U074,S005,9.0,Grouped,2025-06-26 10:31 PM,372
D324,U376,S004,5.5,Grouped,2025-06-27 02:37 AM,415
D325,U191,S004,9.3,Grouped,2025-06-26 01:55 AM,264
D326,U421,S004,4.0,Solo,2025-06-29 01:30 PM,244
D327,U014,S005,14.5,Grouped,2025-06-29 12:07 PM,89
D328,U139,S003,3.6,Grouped,2025-06-26 02:34 AM,400
D329,U281,S004,7.3,Solo,2025-06-28 09:14 AM,377
D330,U046,S001,6.7,Solo,2025-06-29 12:28 PM,448
D331,U140,S003,3.9,Grouped,2025-06-28 01:41 AM,190
D332,U006,S001,3.3,Grouped,2025-06-29 01:49 PM,243
D333,U488,S005,3.4,Grouped,2025-06-27 05:30 AM,139
D334,U270,S002,11.5,Solo,2025-06-26 06:34 PM,351
D335,U421,S005,12.5,Grouped,2025-06-27 06:54 AM,320
D336,U179,S004,11.1,Solo,2025-06-30 03:38 AM,332
D337,U139,S002,9.9,Grouped,2025-06-29 03:27 PM,137
D338,U163,S002,14.3,Solo,2025-06-26 10:24 AM,142
D339,U177,S003,12.5,Solo,2025-06-25 07:44 PM,294
D340,U304,S003,3.7,Grouped,2025-06-25 08:40 PM,401
D341,U263,S003,11.3,Grouped,2025-06-29 02:14 PM,123
D342,U194,S005,9.4,Solo,2025-06-28 06:02 AM,77
D343,U471,S003,11.4,Solo,2025-06-26 06:02 AM,412
D344,U399,S003,5.2,Solo,2025-06-26 05:46 AM,411
D345,U235,S003,4.4,Solo,2025-06-28 01:44 AM,458
D346,U240,S003,8.5,Solo,2025-06-28 08:53 AM,269
D347,U267,S004,14.2,Grouped,2025-06-27 08:40 PM,206
D348,U326,S005,13.2,Solo,2025-06-28 03:47 PM,258
D349,U395,S002,6.1,Grouped,2025-06-27 09:25 AM,374
D350,U041,S003,3.0,Grouped,2025-06-26 07:24 PM,97
D351,U085,S004,9.5,Grouped,2025-06-27 04:30 AM,430
D352,U147,S001,9.2,Solo,2025-06-30 10:44 AM,463
D353,U448,S004,2.1,Solo,2025-06-28 12:07 PM,396
D354,U261,S003,14.1,Grouped,2025-06-28 04:05 AM,295
D355,U255,S004,8.7,Grouped,2025-06-25 08:26 PM,257
D356,U008,S005,10.0,Grouped,2025-06-27 02:23 AM,415
D357,U218,S001,11.1,Solo,2025-06-26 10:54 AM,175
D358,U379,S003,10.6,Grouped,2025-06-29 09:56 PM,360
D359,U230,S004,14.5,Grouped,2025-06-28 03:21 PM,139
D360,U039,S002,6.8,Grouped,2025-06-25 08:23 PM,313
D361,U181,S004,14.4,Solo,2025-06-30 09:09 AM,303
D362,U195,S004,4.2,Grouped,2025-06-25 05:09 PM,223
D363,U468,S003,10.8,Grouped,2025-06-26 08:04 PM,198
D364,U154,S005,8.3,Solo,2025-06-29 12:33 PM,159
D365,U002,S002,11.6,Solo,2025-06-28 10:02 AM,161
D366,U473,S005,6.0,Grouped,2025-06-29 07:41 AM,287
D367,U457,S005,10.0,Solo,2025-06-26 03:13 PM,79
D368,U183,S002,2.1,Solo,2025-06-26 06:28 AM,218
D369,U153,S001,6.6,Grouped,2025-06-30 02:28 PM,229
D370,U456,S005,11.4,Solo,2025-06-28 03:31 AM,231
D371,U005,S002,3.3,Solo,2025-06-25 07:23 PM,151
D372,U044,S004,8.9,Grouped,2025-06-26 12:34 AM,260
D373,U064,S003,13.9,Grouped,2025-06-28 09:36 PM,129
D374,U394,S001,10.5,Grouped,2025-06-26 07:52 PM,290
D375,U203,S002,6.9,Solo,2025-06-29 03:13 AM,269
D376,U457,S001,4.4,Solo,2025-06-28 06:35 AM,105
D377,U225,S004,10.5,Solo,2025-06-30 01:55 AM,132
D378,U072,S003,6.6,Solo,2025-06-29 06:41 PM,52
D379,U184,S003,13.5,Grouped,2025-06-27 09:58 AM,106
D380,U098,S004,5.7,Grouped,2025-06-26 02:10 PM,252
D381,U216,S004,11.7,Grouped,2025-06-29 10:02 AM,132
D382,U342,S004,4.6,Solo,2025-06-26 12:26 AM,390
D383,U137,S002,3.5,Solo,2025-06-28 02:19 PM,331
D384,U254,S005,12.4,Grouped,2025-06-28 06:16 AM,216
D385,U385,S004,11.9,Solo,2025-06-26 03:23 PM,306
D386,U372,S004,14.0,Solo,2025-06-28 12:08 AM,117
D387,U057,S005,14.4,Grouped,2025-06-30 04:23 PM,114
D388,U080,S004,6.5,Grouped,2025-06-27 08:35 AM,442
D389,U351,S005,5.1,Solo,2025-06-29 08:56 AM,269
D390,U500,S001,9.8,Grouped,2025-06-26 10:53 PM,272
D391,U246,S001,5.8,Solo,2025-06-28 09:37 AM,92
D392,U390,S001,7.6,Grouped,2025-06-29 08:24 PM,423
D393,U262,S005,4.4,Solo,2025-06-26 03:04 AM,442
D394,U059,S004,13.2,Grouped,2025-06-27 07:24 AM,391
D395,U421,S001,7.6,Solo,2025-06-29 02:01 AM,411
D396,U401,S001,12.5,Grouped,2025-06-26 11:38 AM,146
D397,U438,S003,9.7,Grouped,2025-06-27 05:53 PM,167
D398,U062,S001,3.7,Grouped,2025-06-30 01:21 AM,190
D399,U099,S002,14.1,Solo,2025-06-27 04:43 AM,59
D400,U316,S005,4.6,Grouped,2025-06-27 05:59 AM,244
D401,U209,S005,8.8,Grouped,2025-06-27 02:52 AM,163
D402,U173,S003,7.5,Grouped,2025-06-30 12:24 AM,311
D403,U219,S001,10.4,Solo,2025-06-27 11:22 PM,106
D404,U138,S004,6.7,Solo,2025-06-26 04:16 PM,414
D405,U215,S001,5.2,Grouped,2025-06-30 05:36 AM,143
D406,U021,S003,2.0,Solo,2025-06-28 07:45 PM,158
D407,U147,S001,8.1,Grouped,2025-06-27 08:24 AM,270
D408,U095,S005,5.3,Solo,2025-06-29 08:00 AM,236
D409,U172,S004,6.0,Grouped,2025-06-26 12:45 AM,392
D410,U007,S003,10.9,Grouped,2025-06-28 01:08 PM,219
D411,U185,S003,11.6,Solo,2025-06-28 05:37 PM,430
D412,U399,S001,9.7,Solo,2025-06-29 06:25 AM,171
D413,U333,S003,5.6,Solo,2025-06-30 05:03 AM,94
D414,U455,S002,3.4,Grouped,2025-06-26 02:51 PM,71
D415,U301,S002,14.6,Grouped,2025-06-30 12:59 PM,148
D416,U361,S005,7.8,Grouped,2025-06-26 05:37 AM,88
D417,U483,S002,9.1,Solo,2025-06-27 05:06 AM,204
D418,U372,S002,8.2,Grouped,2025-06-27 06:53 AM,323
D419,U370,S001,4.0,Grouped,2025-06-27 03:57 AM,148
D420,U215,S005,9.2,Solo,2025-06-26 05:59 AM,499
D421,U389,S003,13.1,Solo,2025-06-30 12:20 PM,237
D422,U230,S003,10.2,Grouped,2025-06-28 11:18 PM,273
D423,U035,S003,8.3,Grouped,2025-06-27 01:33 AM,135
D424,U307,S003,5.6,Grouped,2025-06-27 08:02 PM,198
D425,U024,S004,14.4,Grouped,2025-06-30 07:54 AM,456
D426,U498,S005,11.0,Solo,2025-06-28 02:04 AM,303
D427,U351,S001,8.9,Grouped,2025-06-28 05:28 AM,134
D428,U225,S002,11.8,Solo,2025-06-29 10:42 PM,337
D429,U400,S003,7.1,Solo,2025-06-28 07:42 PM,155
D430,U095,S004,2.0,Grouped,2025-06-29 04:13 PM,353
D431,U357,S005,2.1,Solo,2025-06-30 02:24 PM,307
D432,U363,S005,11.4,Solo,2025-06-25 06:14 PM,205
D433,U437,S005,4.9,Solo,2025-06-28 02:44 PM,332
D434,U061,S002,4.2,Grouped,2025-06-27 01:11 AM,323
D435,U122,S001,5.8,Grouped,2025-06-25 09:55 PM,192
D436,U475,S001,3.7,Grouped,2025-06-27 09:37 AM,378
D437,U128,S003,14.9,Grouped,2025-06-29 10:22 AM,323
D438,U060,S003,2.0,Solo,2025-06-26 07:13 AM,373
D439,U310,S002,14.6,Solo,2025-06-26 02:39 AM,92
D440,U485,S004,11.2,Solo,2025-06-26 04:14 PM,419
D441,U069,S005,7.3,Solo,2025-06-29 07:32 AM,216
D442,U030,S001,10.1,Grouped,2025-06-27 03:46 AM,471
D443,U183,S004,4.9,Solo,2025-06-25 11:46 PM,140
D444,U132,S004,14.6,Grouped,2025-06-29 11:26 PM,419
D445,U382,S003,10.9,Solo,2025-06-26 10:09 AM,495
D446,U321,S003,10.2,Grouped,2025-06-30 03:27 AM,468
D447,U227,S001,4.9,Solo,2025-06-27 11:04 AM,154
D448,U298,S004,10.2,Solo,2025-06-26 04:02 PM,129
D449,U229,S003,5.0,Solo,2025-06-26 02:01 AM,238
D450,U076,S003,13.7,Grouped,2025-06-27 08:42 PM,303
D451,U093,S003,8.0,Grouped,2025-06-27 01:24 AM,146
D452,U292,S003,8.4,Grouped,2025-06-25 11:38 PM,381
D453,U145,S004,2.3,Grouped,2025-06-30 11:32 AM,140
D454,U419,S005,7.1,Grouped,2025-06-28 03:16 AM,85
D455,U074,S005,2.9,Grouped,2025-06-30 06:47 AM,282
D456,U466,S004,10.4,Solo,2025-06-26 04:19 AM,101
D457,U371,S003,8.8,Grouped,2025-06-27 04:46 AM,358
D458,U052,S005,6.9,Grouped,2025-06-28 08:50 PM,106
D459,U424,S004,2.2,Grouped,2025-06-29 04:01 AM,117
D460,U128,S002,12.0,Solo,2025-06-26 12:16 PM,123
D461,U481,S003,10.2,Grouped,2025-06-26 04:46 PM,455
D462,U495,S005,2.1,Grouped,2025-06-25 06:15 PM,327
D463,U377,S004,12.6,Grouped,2025-06-27 08:44 PM,153
D464,U072,S002,8.2,Solo,2025-06-29 02:08 PM,467
D465,U084,S003,6.0,Solo,2025-06-27 09:53 PM,129
D466,U125,S005,2.7,Solo,2025-06-29 04:34 AM,371
D467,U279,S001,3.6,Grouped,2025-06-27 03:59 PM,102
D468,U279,S002,5.9,Solo,2025-06-26 01:10 AM,122
D469,U001,S004,13.9,Grouped,2025-06-26 09:47 PM,166
D470,U219,S001,7.0,Solo,2025-06-27 11:43 PM,385
D471,U147,S003,4.9,Solo,2025-06-26 06:24 AM,401
D472,U453,S001,11.3,Grouped,2025-06-30 05:33 AM,301
D473,U087,S001,14.9,Grouped,2025-06-29 04:58 AM,102
D474,U490,S003,14.4,Solo,2025-06-28 01:52 AM,89
D475,U316,S004,6.3,Solo,2025-06-27 08:56 AM,93
D476,U459,S005,2.6,Grouped,2025-06-30 02:58 PM,141
D477,U220,S003,8.9,Grouped,2025-06-27 10:02 PM,397
D478,U218,S002,4.0,Solo,2025-06-25 09:52 PM,369
D479,U419,S003,5.7,Grouped,2025-06-28 04:11 PM,188
D480,U470,S005,8.5,Solo,2025-06-28 10:15 AM,185
D481,U416,S002,13.8,Grouped,2025-06-28 05:13 PM,453
D482,U002,S002,13.2,Grouped,2025-06-26 09:31 AM,448
D483,U336,S004,3.9,Grouped,2025-06-26 10:12 AM,249
D484,U229,S001,11.4,Solo,2025-06-27 05:24 AM,467
D485,U035,S005,3.5,Solo,2025-06-26 09:02 AM,422
D486,U143,S003,3.9,Solo,2025-06-28 10:36 AM,115
D487,U094,S005,12.0,Solo,2025-06-28 08:14 AM,213
D488,U254,S002,7.5,Solo,2025-06-26 03:33 AM,358
D489,U407,S001,10.3,Grouped,2025-06-30 03:42 PM,460
D490,U484,S002,10.5,Grouped,2025-06-25 08:55 PM,246
D491,U215,S003,9.1,Solo,2025-06-27 10:48 PM,322
D492,U275,S003,12.7,Solo,2025-06-26 07:41 PM,92
D493,U298,S005,11.3,Grouped,2025-06-30 11:02 AM,409
D494,U045,S004,5.1,Grouped,2025-06-28 06:57 PM,154
D495,U436,S004,2.2,Solo,2025-06-26 05:28 AM,118
D496,U472,S004,3.4,Solo,2025-06-26 01:27 PM,234
D497,U435,S003,13.0,Grouped,2025-06-29 01:10 AM,200
D498,U236,S005,3.9,Solo,2025-06-28 01:24 AM,174
D499,U108,S005,12.8,Grouped,2025-06-30 01:25 PM,432
D500,U071,S005,3.5,Grouped,2025-06-28 11:24 AM,243
D501,U376,S004,2.3,Solo,2025-06-28 11:46 PM,240
D502,U028,S001,11.1,Grouped,2025-06-26 10:15 AM,294
D503,U429,S001,9.7,Grouped,2025-06-25 05:48 PM,65
D504,U076,S005,6.7,Grouped,2025-06-28 02:12 AM,175
D505,U040,S004,2.2,Solo,2025-06-28 11:42 PM,126
D506,U392,S005,4.4,Grouped,2025-06-27 04:03 PM,433
D507,U271,S004,11.1,Solo,2025-06-28 03:42 PM,290
D508,U211,S005,11.4,Solo,2025-06-29 07:45 PM,450
D509,U331,S004,11.0,Solo,2025-06-25 08:41 PM,106
D510,U080,S004,2.8,Grouped,2025-06-27 08:36 PM,359
D511,U385,S005,4.3,Grouped,2025-06-30 10:37 AM,55
D512,U203,S001,12.8,Solo,2025-06-30 02:57 PM,333
D513,U365,S003,12.8,Solo,2025-06-25 08:45 PM,413
D514,U117,S003,7.5,Grouped,2025-06-26 12:59 PM,189
D515,U499,S001,3.2,Solo,2025-06-30 03:26 AM,114
D516,U381,S001,4.8,Grouped,2025-06-30 06:06 AM,162
D517,U201,S002,4.4,Grouped,2025-06-26 11:15 PM,468
D518,U355,S002,8.1,Solo,2025-06-27 09:30 AM,384
D519,U329,S004,7.3,Solo,2025-06-29 02:27 PM,134
D520,U028,S004,12.4,Solo,2025-06-30 04:23 PM,149
D521,U139,S004,3.4,Grouped,2025-06-30 10:04 AM,235
D522,U309,S003,12.1,Solo,2025-06-28 07:11 AM,64
D523,U123,S005,5.7,Grouped,2025-06-26 02:07 PM,83
D524,U109,S001,9.8,Solo,2025-06-27 02:04 PM,146
D525,U283,S002,4.6,Grouped,2025-06-28 05:20 PM,173
D526,U138,S005,3.1,Grouped,2025-06-30 10:26 AM,338
D527,U405,S001,8.3,Grouped,2025-06-25 07:46 PM,211
D528,U048,S002,14.3,Grouped,2025-06-27 04:57 AM,232
D529,U385,S005,5.7,Solo,2025-06-27 03:23 PM,306
D530,U100,S004,6.1,Solo,2025-06-27 07:56 AM,421
D531,U183,S001,14.7,Grouped,2025-06-29 07:30 AM,219
D532,U209,S005,13.7,Grouped,2025-06-25 10:35 PM,307
D533,U414,S003,12.1,Grouped,2025-06-28 01:10 PM,350
D534,U408,S002,7.0,Grouped,2025-06-25 06:21 PM,198
D535,U083,S001,4.0,Solo,2025-06-28 07:47 AM,90
D536,U454,S002,10.1,Grouped,2025-06-27 05:39 AM,160
D537,U414,S004,10.9,Grouped,2025-06-26 05:53 PM,443
D538,U368,S003,4.1,Solo,2025-06-26 08:15 AM,279
D539,U403,S004,3.7,Solo,2025-06-29 10:48 AM,234
D540,U320,S002,13.1,Solo,2025-06-27 07:46 PM,70
D541,U457,S004,11.3,Solo,2025-06-28 04:07 AM,172
D542,U107,S003,15.0,Grouped,2025-06-30 03:02 PM,128
D543,U291,S004,10.2,Solo,2025-06-27 03:42 PM,99
D544,U413,S001,2.2,Solo,2025-06-27 07:32 AM,330
D545,U445,S003,14.6,Grouped,2025-06-27 01:01 AM,305
D546,U049,S005,7.9,Grouped,2025-06-30 01:47 PM,201
D547,U083,S005,2.9,Solo,2025-06-29 11:49 AM,230
D548,U046,S005,2.9,Solo,2025-06-26 09:05 AM,182
D549,U243,S003,14.7,Solo,2025-06-30 02:48 PM,382
D550,U474,S004,3.8,Grouped,2025-06-30 02:36 AM,341
D551,U250,S005,2.5,Solo,2025-06-26 09:22 AM,255
D552,U210,S003,13.1,Grouped,2025-06-28 01:22 PM,275
D553,U188,S004,8.7,Solo,2025-06-27 03:02 AM,241
D554,U043,S004,10.9,Solo,2025-06-30 01:21 PM,184
D555,U450,S003,13.4,Grouped,2025-06-27 11:28 PM,367
D556,U330,S001,2.7,Grouped,2025-06-27 10:51 AM,408
D557,U421,S002,9.3,Grouped,2025-06-26 04:34 PM,486
D558,U054,S003,5.8,Grouped,2025-06-28 12:47 AM,341
D559,U205,S004,13.1,Grouped,2025-06-28 01:36 AM,248
D560,U448,S003,8.0,Grouped,2025-06-27 06:34 AM,228
D561,U239,S002,8.1,Solo,2025-06-27 08:12 PM,105
D562,U044,S001,4.3,Grouped,2025-06-28 04:48 PM,253
D563,U394,S005,7.6,Solo,2025-06-27 02:52 AM,218
D564,U034,S001,6.1,Solo,2025-06-25 08:06 PM,158
D565,U360,S003,11.6,Grouped,2025-06-27 07:29 AM,192
D566,U233,S005,2.5,Grouped,2025-06-26 02:03 AM,290
D567,U075,S005,10.3,Solo,2025-06-28 08:55 PM,340
D568,U017,S004,14.8,Solo,2025-06-27 09:03 AM,81
D569,U480,S005,12.5,Solo,2025-06-26 02:56 AM,292
D570,U110,S005,2.7,Grouped,2025-06-28 03:28 PM,438
D571,U351,S003,7.5,Solo,2025-06-25 09:36 PM,375
D572,U091,S005,3.1,Grouped,2025-06-29 02:56 PM,190
D573,U208,S004,3.1,Solo,2025-06-28 02:28 PM,496
D574,U215,S005,8.8,Solo,2025-06-26 11:18 AM,144
D575,U426,S004,2.7,Solo,2025-06-26 12:31 AM,225
D576,U494,S002,11.8,Grouped,2025-06-28 04:18 PM,151
D577,U179,S002,14.2,Solo,2025-06-27 07:15 AM,293
D578,U275,S005,11.0,Grouped,2025-06-27 10:19 AM,406
D579,U224,S005,6.6,Solo,2025-06-30 01:53 AM,471
D580,U006,S004,9.3,Grouped,2025-06-26 04:11 PM,89
D581,U371,S001,10.7,Grouped,2025-06-27 10:45 AM,215
D582,U341,S003,14.8,Solo,2025-06-29 10:41 PM,57
D583,U078,S004,13.7,Grouped,2025-06-27 10:18 PM,305
D584,U443,S005,6.1,Solo,2025-06-30 04:49 PM,184
D585,U267,S004,11.4,Solo,2025-06-29 10:31 PM,476
D586,U439,S004,3.6,Solo,2025-06-29 10:42 AM,377
D587,U497,S003,9.5,Grouped,2025-06-27 06:24 PM,161
D588,U382,S002,14.7,Solo,2025-06-30 03:34 PM,406
D589,U280,S005,12.1,Solo,2025-06-28 04:53 AM,160
D590,U179,S004,4.7,Grouped,2025-06-25 07:25 PM,397
D591,U296,S004,14.4,Solo,2025-06-29 05:42 PM,466
D592,U187,S005,2.2,Solo,2025-06-29 11:01 PM,307
D593,U420,S001,13.3,Solo,2025-06-28 02:46 PM,382
D594,U234,S003,7.4,Solo,2025-06-27 08:16 AM,230
D595,U425,S002,9.1,Solo,2025-06-27 03:30 AM,108
D596,U475,S004,4.3,Solo,2025-06-26 12:19 PM,241
D597,U091,S005,9.2,Grouped,2025-06-27 01:06 AM,327
D598,U224,S003,7.0,Solo,2025-06-26 09:22 AM,374
D599,U146,S003,11.1,Grouped,2025-06-26 06:13 PM,94
D600,U413,S002,12.9,Grouped,2025-06-25 11:30 PM,382
D601,U009,S003,10.0,Solo,2025-06-30 11:29 AM,103
D602,U255,S002,11.7,Grouped,2025-06-30 02:39 AM,374
D603,U228,S002,8.5,Grouped,2025-06-26 07:10 AM,391
D604,U149,S004,13.1,Grouped,2025-06-29 10:34 AM,164
D605,U398,S001,7.9,Solo,2025-06-29 06:38 PM,108
D606,U101,S005,13.1,Grouped,2025-06-28 09:51 PM,229
D607,U496,S003,12.3,Solo,2025-06-26 06:25 AM,261
D608,U465,S002,12.7,Solo,2025-06-27 01:42 PM,53
D609,U482,S005,6.9,Grouped,2025-06-25 11:42 PM,309
D610,U146,S002,5.5,Solo,2025-06-28 07:13 AM,207
D611,U430,S003,13.7,Solo,2025-06-27 06:28 AM,394
D612,U124,S003,2.1,Solo,2025-06-28 12:51 AM,66
D613,U008,S004,2.3,Solo,2025-06-26 10:32 AM,480
D614,U419,S005,8.7,Solo,2025-06-29 07:33 AM,221
D615,U088,S002,14.5,Solo,2025-06-27 02:33 PM,173
D616,U285,S003,14.7,Grouped,2025-06-28 05:26 AM,365
D617,U330,S001,7.1,Grouped,2025-06-27 01:39 PM,460
D618,U478,S004,9.5,Grouped,2025-06-28 11:51 AM,375
D619,U200,S005,14.7,Grouped,2025-06-29 06:48 PM,256
D620,U463,S003,6.1,Grouped,2025-06-28 05:35 AM,273
D621,U119,S003,3.3,Grouped,2025-06-29 05:14 AM,308
D622,U061,S001,10.2,Solo,2025-06-25 11:24 PM,481
D623,U391,S002,10.2,Solo,2025-06-28 11:47 PM,478
D624,U284,S002,4.1,Solo,2025-06-27 02:46 AM,154
D625,U048,S004,3.2,Solo,2025-06-28 06:07 PM,55
D626,U322,S003,12.0,Grouped,2025-06-30 12:05 PM,64
D627,U317,S004,11.2,Grouped,2025-06-26 03:49 PM,342
D628,U196,S005,2.3,Grouped,2025-06-29 04:06 AM,282
D629,U325,S004,10.2,Solo,2025-06-27 06:08 PM,145
D630,U123,S005,10.5,Grouped,2025-06-25 08:30 PM,202
D631,U100,S002,9.0,Grouped,2025-06-28 02:08 AM,421
D632,U400,S002,12.5,Solo,2025-06-30 09:10 AM,444
D633,U134,S004,10.6,Solo,2025-06-28 09:56 PM,92
D634,U479,S005,3.9,Grouped,2025-06-26 10:06 PM,376
D635,U297,S003,13.3,Grouped,2025-06-28 10:40 AM,285
D636,U475,S001,9.7,Grouped,2025-06-26 10:35 PM,122
D637,U145,S002,5.4,Grouped,2025-06-30 07:10 AM,97
D638,U040,S004,8.4,Solo,2025-06-30 10:55 AM,479
D639,U107,S001,7.1,Solo,2025-06-30 08:48 AM,457
D640,U012,S003,7.4,Solo,2025-06-28 02:00 AM,370
D641,U040,S001,4.7,Solo,2025-06-26 04:58 AM,242
D642,U456,S004,6.1,Solo,2025-06-27 05:43 AM,463
D643,U083,S003,4.3,Grouped,2025-06-27 10:00 PM,141
D644,U338,S001,9.4,Grouped,2025-06-27 10:01 PM,110
D645,U500,S003,6.5,Solo,2025-06-25 05:42 PM,297
D646,U315,S003,9.8,Grouped,2025-06-27 12:17 AM,131
D647,U268,S001,11.6,Grouped,2025-06-25 06:58 PM,148
D648,U311,S003,2.4,Grouped,2025-06-27 07:02 PM,315
D649,U263,S001,11.9,Grouped,2025-06-25 05:28 PM,493
D650,U187,S002,3.5,Grouped,2025-06-30 07:43 AM,65
D651,U168,S001,3.8,Grouped,2025-06-29 10:08 AM,422
D652,U355,S004,14.2,Solo,2025-06-27 01:38 AM,190
D653,U247,S003,4.6,Grouped,2025-06-27 05:13 PM,228
D654,U363,S003,9.2,Solo,2025-06-28 01:11 PM,289
D655,U382,S004,12.5,Solo,2025-06-26 11:18 PM,312
D656,U485,S005,7.2,Grouped,2025-06-29 07:37 PM,178
D657,U089,S003,4.6,Solo,2025-06-26 07:05 AM,251
D658,U053,S004,9.6,Solo,2025-06-26 04:03 PM,134
D659,U407,S005,4.7,Solo,2025-06-28 12:59 AM,271
D660,U453,S004,7.8,Solo,2025-06-28 01:29 PM,467
D661,U164,S005,10.1,Solo,2025-06-28 10:12 AM,269
D662,U103,S004,9.4,Solo,2025-06-28 04:03 AM,373
D663,U420,S003,2.8,Grouped,2025-06-26 10:45 AM,67
D664,U491,S001,8.6,Solo,2025-06-27 10:21 AM,200
D665,U310,S003,12.7,Solo,2025-06-30 04:02 PM,253
D666,U016,S003,3.5,Solo,2025-06-30 10:01 AM,269
D667,U405,S003,4.4,Grouped,2025-06-30 12:25 AM,87
D668,U111,S005,10.5,Solo,2025-06-28 05:49 AM,124
D669,U400,S003,6.1,Grouped,2025-06-28 04:48 PM,213
D670,U353,S003,2.1,Solo,2025-06-26 07:06 PM,159
D671,U239,S004,9.4,Solo,2025-06-27 06:05 PM,169
D672,U288,S003,2.9,Solo,2025-06-29 04:46 AM,358
D673,U109,S001,8.9,Grouped,2025-06-26 05:18 PM,337
D674,U143,S001,11.3,Grouped,2025-06-28 01:08 PM,343
D675,U458,S003,10.4,Solo,2025-06-29 07:59 AM,212
D676,U417,S005,6.2,Grouped,2025-06-28 07:30 AM,75
D677,U411,S001,8.4,Grouped,2025-06-27 07:33 PM,190
D678,U216,S005,3.6,Solo,2025-06-26 12:30 PM,137
D679,U308,S001,6.2,Solo,2025-06-27 02:53 PM,171
D680,U296,S002,2.3,Grouped,2025-06-28 07:02 AM,379
D681,U402,S002,13.1,Grouped,2025-06-26 02:11 AM,286
D682,U146,S003,3.7,Solo,2025-06-26 03:08 PM,68
D683,U459,S001,8.9,Grouped,2025-06-29 11:17 PM,222
D684,U331,S002,2.2,Solo,2025-06-27 11:56 AM,98
D685,U425,S002,12.4,Solo,2025-06-26 11:31 PM,190
D686,U163,S002,11.8,Solo,2025-06-29 09:42 PM,90
D687,U285,S001,12.1,Solo,2025-06-30 03:49 AM,363
D688,U025,S001,7.1,Solo,2025-06-28 06:54 PM,302
D689,U435,S004,10.3,Grouped,2025-06-27 05:28 AM,481
D690,U192,S003,14.2,Grouped,2025-06-29 05:30 PM,64
D691,U115,S005,2.6,Grouped,2025-06-30 05:27 AM,121
D692,U054,S002,14.9,Solo,2025-06-26 08:40 AM,165
D693,U088,S002,3.1,Solo,2025-06-29 04:15 AM,467
D694,U463,S001,9.0,Grouped,2025-06-29 07:10 PM,402
D695,U445,S004,2.7,Grouped,2025-06-30 06:36 AM,106
D696,U025,S001,14.3,Grouped,2025-06-28 07:47 PM,185
D697,U169,S003,10.9,Solo,2025-06-29 11:17 AM,188
D698,U358,S001,4.2,Grouped,2025-06-26 01:54 AM,348
D699,U236,S001,3.6,Solo,2025-06-29 09:16 PM,491
D700,U076,S003,11.8,Solo,2025-06-28 06:18 PM,376
D701,U229,S002,10.7,Grouped,2025-06-29 01:45 AM,345
D702,U245,S003,10.6,Solo,2025-06-29 11:22 PM,214
D703,U396,S002,11.5,Grouped,2025-06-26 03:43 PM,97
D704,U136,S002,12.0,Grouped,2025-06-26 03:24 AM,230
D705,U286,S005,12.9,Grouped,2025-06-28 05:40 PM,387
D706,U332,S005,11.6,Grouped,2025-06-29 03:02 PM,405
D707,U040,S001,3.0,Solo,2025-06-25 07:06 PM,80
D708,U109,S001,2.2,Grouped,2025-06-29 12:31 AM,289
D709,U420,S004,7.0,Solo,2025-06-25 08:17 PM,103
D710,U175,S004,4.7,Solo,2025-06-27 03:04 PM,439
D711,U484,S004,6.1,Solo,2025-06-30 08:44 AM,385
D712,U079,S001,13.0,Grouped,2025-06-28 08:07 AM,116
D713,U113,S004,13.9,Solo,2025-06-26 04:46 PM,281
D714,U445,S001,10.1,Grouped,2025-06-27 05:10 PM,449
D715,U205,S004,4.4,Solo,2025-06-26 10:45 PM,266
D716,U085,S004,10.9,Grouped,2025-06-27 05:48 PM,125
D717,U237,S002,13.4,Grouped,2025-06-28 04:08 AM,173
D718,U009,S005,13.6,Grouped,2025-06-27 10:50 PM,186
D719,U015,S002,8.2,Solo,2025-06-27 04:06 PM,230
D720,U136,S001,3.5,Grouped,2025-06-30 12:44 PM,231
D721,U221,S004,4.8,Solo,2025-06-28 02:55 PM,307
D722,U221,S003,8.6,Grouped,2025-06-29 07:18 PM,275
D723,U140,S002,6.8,Grouped,2025-06-30 09:54 AM,382
D724,U196,S001,11.5,Solo,2025-06-28 12:42 AM,149
D725,U151,S001,4.5,Grouped,2025-06-30 12:23 AM,354
D726,U142,S001,8.9,Solo,2025-06-27 12:20 PM,315
D727,U222,S004,3.4,Grouped,2025-06-30 08:04 AM,380
D728,U128,S004,14.5,Grouped,2025-06-27 11:17 AM,108
D729,U028,S002,13.6,Solo,2025-06-28 03:53 AM,172
D730,U034,S004,8.9,Solo,2025-06-29 07:55 AM,165
D731,U452,S004,10.1,Solo,2025-06-26 12:21 AM,250
D732,U202,S001,3.3,Solo,2025-06-26 01:13 PM,303
D733,U106,S005,4.2,Grouped,2025-06-26 10:29 PM,227
D734,U327,S003,5.7,Solo,2025-06-28 09:25 AM,425
D735,U002,S004,3.2,Solo,2025-06-30 04:26 PM,428
D736,U157,S005,13.1,Grouped,2025-06-27 03:20 AM,137
D737,U162,S003,10.9,Grouped,2025-06-30 01:16 PM,145
D738,U171,S004,13.7,Grouped,2025-06-28 04:45 PM,56
D739,U342,S003,8.2,Solo,2025-06-29 04:08 PM,60
D740,U091,S001,14.7,Grouped,2025-06-30 07:54 AM,137
D741,U348,S004,11.9,Grouped,2025-06-26 09:19 PM,354
D742,U181,S003,14.6,Grouped,2025-06-28 09:03 AM,300
D743,U448,S005,5.2,Grouped,2025-06-27 05:08 PM,73
D744,U420,S002,2.2,Solo,2025-06-25 06:24 PM,477
D745,U117,S002,8.8,Grouped,2025-06-26 03:35 AM,436
D746,U076,S005,12.1,Grouped,2025-06-28 12:05 PM,205
D747,U412,S005,11.6,Solo,2025-06-28 09:23 AM,301
D748,U377,S003,6.6,Solo,2025-06-27 03:58 PM,389
D749,U250,S001,5.3,Solo,2025-06-27 06:02 AM,56
D750,U424,S003,6.6,Solo,2025-06-29 07:48 PM,315
D751,U397,S002,10.6,Solo,2025-06-25 06:57 PM,107
D752,U139,S003,10.9,Grouped,2025-06-29 07:28 PM,125
D753,U211,S003,13.1,Grouped,2025-06-30 06:42 AM,232
D754,U255,S005,2.4,Solo,2025-06-29 03:15 AM,234
D755,U106,S002,11.7,Grouped,2025-06-29 04:38 AM,243
D756,U328,S001,3.4,Solo,2025-06-26 05:01 AM,499
D757,U321,S001,10.8,Solo,2025-06-28 07:25 PM,498
D758,U270,S003,4.3,Solo,2025-06-30 04:10 AM,219
D759,U201,S002,9.7,Solo,2025-06-26 07:35 PM,208
D760,U098,S001,2.5,Solo,2025-06-28 08:54 AM,477
D761,U314,S005,3.6,Solo,2025-06-26 12:47 PM,340
D762,U496,S003,12.3,Solo,2025-06-27 02:10 AM,197
D763,U057,S002,14.6,Solo,2025-06-26 05:19 AM,400
D764,U076,S001,8.1,Grouped,2025-06-30 10:57 AM,317
D765,U495,S004,5.8,Grouped,2025-06-28 09:26 AM,205
D766,U250,S001,5.7,Solo,2025-06-30 04:34 PM,57
D767,U233,S005,2.5,Solo,2025-06-26 08:42 AM,472
D768,U304,S004,3.6,Solo,2025-06-27 05:45 PM,206
D769,U003,S001,7.6,Grouped,2025-06-28 11:24 PM,75
D770,U129,S005,3.8,Solo,2025-06-30 12:16 PM,452
D771,U440,S001,8.5,Grouped,2025-06-25 07:50 PM,94
D772,U366,S004,5.5,Grouped,2025-06-26 03:05 PM,271
D773,U300,S002,13.9,Solo,2025-06-30 08:36 AM,162
D774,U017,S001,8.2,Solo,2025-06-26 07:23 AM,177
D775,U416,S001,10.8,Solo,2025-06-29 11:50 PM,266
D776,U205,S005,14.6,Grouped,2025-06-30 02:07 PM,183
D777,U472,S002,5.9,Solo,2025-06-26 11:28 AM,138
D778,U289,S005,7.7,Solo,2025-06-28 07:58 AM,461
D779,U297,S005,3.8,Grouped,2025-06-28 02:09 AM,178
D780,U070,S001,7.4,Grouped,2025-06-29 12:28 PM,204
D781,U157,S002,3.1,Solo,2025-06-26 01:51 AM,329
D782,U094,S003,6.9,Solo,2025-06-27 08:25 PM,99
D783,U071,S002,8.8,Solo,2025-06-27 09:22 AM,307
D784,U479,S003,10.9,Solo,2025-06-26 11:45 PM,289
D785,U182,S003,7.6,Solo,2025-06-25 06:33 PM,260
D786,U237,S005,2.4,Grouped,2025-06-26 01:24 AM,442
D787,U216,S002,3.1,Grouped,2025-06-26 07:57 AM,364
D788,U465,S002,5.9,Grouped,2025-06-27 11:19 AM,347
D789,U263,S003,6.9,Solo,2025-06-27 06:28 AM,77
D790,U387,S001,13.0,Grouped,2025-06-27 11:16 AM,256
D791,U344,S001,2.1,Solo,2025-06-28 02:52 AM,479
D792,U028,S004,3.1,Solo,2025-06-29 10:24 PM,474
D793,U333,S005,3.4,Grouped,2025-06-28 09:18 PM,470
D794,U149,S001,9.4,Solo,2025-06-27 08:25 AM,492
D795,U032,S003,3.6,Grouped,2025-06-30 10:43 AM,409
D796,U105,S003,8.7,Solo,2025-06-30 03:30 AM,119
D797,U115,S001,13.6,Grouped,2025-06-29 02:18 PM,204
D798,U322,S004,6.0,Grouped,2025-06-29 02:18 PM,462
D799,U249,S004,10.1,Grouped,2025-06-26 02:20 AM,108
D800,U035,S001,2.0,Grouped,2025-06-27 05:20 AM,316
D801,U050,S003,5.2,Grouped,2025-06-30 01:54 AM,292
D802,U013,S003,12.8,Solo,2025-06-30 03:52 PM,250
D803,U029,S005,14.0,Solo,2025-06-26 09:40 AM,257
D804,U248,S003,14.8,Grouped,2025-06-29 09:00 PM,480
D805,U435,S004,9.1,Solo,2025-06-27 12:34 PM,489
D806,U337,S001,10.0,Solo,2025-06-29 10:32 PM,124
D807,U326,S003,2.3,Grouped,2025-06-28 05:02 PM,469
D808,U382,S001,10.5,Grouped,2025-06-26 02:12 PM,311
D809,U380,S002,11.1,Grouped,2025-06-29 05:06 AM,293
D810,U246,S005,5.8,Grouped,2025-06-29 02:59 AM,351
D811,U253,S005,6.8,Solo,2025-06-28 10:07 PM,250
D812,U198,S003,11.1,Grouped,2025-06-28 08:17 AM,287
D813,U214,S001,12.6,Grouped,2025-06-29 01:26 AM,64
D814,U146,S005,7.9,Solo,2025-06-28 09:00 PM,55
D815,U298,S005,5.9,Solo,2025-06-30 09:59 AM,71
D816,U465,S004,13.8,Grouped,2025-06-30 03:12 PM,289
D817,U452,S004,11.4,Solo,2025-06-30 08:57 AM,54
D818,U082,S001,6.7,Grouped,2025-06-28 06:25 PM,228
D819,U463,S001,11.2,Solo,2025-06-28 06:46 PM,312
D820,U033,S005,4.3,Grouped,2025-06-25 10:38 PM,230
D821,U336,S002,11.3,Solo,2025-06-28 01:29 AM,285
D822,U367,S002,13.2,Grouped,2025-06-25 07:30 PM,192
D823,U402,S004,11.9,Solo,2025-06-28 07:00 AM,251
D824,U035,S005,13.9,Solo,2025-06-26 03:42 AM,242
D825,U493,S005,8.1,Grouped,2025-06-26 07:13 PM,344
D826,U363,S002,14.1,Solo,2025-06-27 07:46 PM,116
D827,U358,S005,6.2,Solo,2025-06-26 11:10 PM,349
D828,U317,S002,12.8,Grouped,2025-06-27 12:20 AM,73
D829,U016,S001,13.1,Grouped,2025-06-28 06:19 PM,168
D830,U050,S003,10.6,Solo,2025-06-26 10:07 PM,397
D831,U244,S001,6.2,Grouped,2025-06-28 05:05 AM,445
D832,U414,S001,13.9,Grouped,2025-06-26 05:05 PM,103
D833,U461,S004,13.4,Solo,2025-06-28 12:40 PM,436
D834,U499,S005,7.5,Grouped,2025-06-29 02:38 AM,81
D835,U314,S004,5.3,Grouped,2025-06-29 10:00 PM,483
D836,U384,S005,2.9,Solo,2025-06-26 01:26 AM,360
D837,U324,S005,12.9,Grouped,2025-06-30 04:08 AM,214
D838,U056,S002,11.1,Solo,2025-06-29 12:34 PM,118
D839,U327,S003,9.5,Grouped,2025-06-27 02:34 PM,150
D840,U130,S005,8.4,Solo,2025-06-26 08:33 PM,165
D841,U104,S005,11.6,Solo,2025-06-30 02:37 AM,466
D842,U271,S005,12.5,Grouped,2025-06-28 09:19 PM,94
D843,U299,S004,2.3,Grouped,2025-06-30 04:37 PM,154
D844,U018,S005,12.5,Grouped,2025-06-27 06:38 AM,234
D845,U397,S004,7.3,Grouped,2025-06-27 09:28 PM,224
D846,U095,S002,10.9,Solo,2025-06-29 11:01 PM,147
D847,U427,S004,4.7,Solo,2025-06-27 11:41 PM,306
D848,U181,S002,6.6,Grouped,2025-06-26 09:28 AM,460
D849,U035,S002,7.7,Solo,2025-06-29 09:01 AM,497
D850,U037,S005,9.4,Grouped,2025-06-30 01:15 AM,450
D851,U265,S002,5.9,Grouped,2025-06-29 03:35 AM,305
D852,U119,S005,2.7,Solo,2025-06-27 10:20 AM,61
D853,U115,S001,12.7,Solo,2025-06-27 06:18 AM,474
D854,U129,S005,7.1,Solo,2025-06-26 02:35 PM,84
D855,U447,S004,13.3,Solo,2025-06-29 11:44 AM,88
D856,U274,S001,9.5,Solo,2025-06-28 09:05 AM,254
D857,U317,S001,2.7,Grouped,2025-06-29 09:16 PM,348
D858,U242,S001,14.2,Solo,2025-06-26 08:13 AM,384
D859,U016,S003,2.4,Solo,2025-06-27 02:23 AM,183
D860,U103,S004,6.3,Grouped,2025-06-27 06:31 AM,121
D861,U105,S003,9.1,Solo,2025-06-26 01:43 AM,437
D862,U340,S002,13.9,Grouped,2025-06-27 12:37 PM,170
D863,U253,S001,2.9,Grouped,2025-06-26 09:03 PM,227
D864,U037,S005,14.3,Grouped,2025-06-27 02:25 PM,332
D865,U246,S004,14.3,Solo,2025-06-29 09:03 PM,420
D866,U022,S003,3.4,Solo,2025-06-29 05:02 AM,309
D867,U116,S005,10.5,Solo,2025-06-27 08:38 PM,294
D868,U156,S005,12.2,Grouped,2025-06-28 04:35 AM,60
D869,U477,S003,2.7,Grouped,2025-06-27 10:05 PM,323
D870,U312,S001,13.2,Grouped,2025-06-25 11:33 PM,332
D871,U247,S005,2.7,Solo,2025-06-26 09:47 PM,406
D872,U065,S002,7.6,Solo,2025-06-29 06:18 AM,331
D873,U071,S004,3.5,Grouped,2025-06-29 08:56 PM,365
D874,U463,S002,6.8,Grouped,2025-06-28 02:28 AM,225
D875,U224,S005,13.9,Grouped,2025-06-30 02:33 AM,168
D876,U048,S005,9.7,Grouped,2025-06-27 10:42 AM,261
D877,U383,S005,11.8,Grouped,2025-06-29 05:30 AM,460
D878,U008,S001,13.4,Grouped,2025-06-29 06:21 PM,466
D879,U030,S002,3.0,Grouped,2025-06-26 11:09 AM,274
D880,U093,S001,5.7,Solo,2025-06-29 04:32 PM,229
D881,U309,S001,10.5,Grouped,2025-06-29 11:37 AM,199
D882,U067,S004,9.9,Solo,2025-06-29 06:36 AM,386
D883,U063,S004,10.5,Grouped,2025-06-28 08:01 PM,178
D884,U481,S004,9.1,Solo,2025-06-27 07:53 PM,411
D885,U377,S004,12.6,Grouped,2025-06-27 08:33 PM,277
D886,U366,S001,5.9,Solo,2025-06-28 04:33 PM,449
D887,U283,S005,5.8,Grouped,2025-06-29 01:29 AM,319
D888,U458,S004,5.5,Grouped,2025-06-26 01:07 AM,77
D889,U178,S005,13.7,Solo,2025-06-30 12:22 PM,193
D890,U041,S002,4.6,Grouped,2025-06-28 04:17 AM,480
D891,U500,S005,8.8,Solo,2025-06-29 10:42 AM,429
D892,U284,S005,4.7,Solo,2025-06-29 12:19 AM,421
D893,U418,S001,12.2,Grouped,2025-06-29 07:40 AM,170
D894,U358,S003,7.7,Solo,2025-06-26 11:03 PM,108
D895,U011,S004,8.5,Grouped,2025-06-27 12:03 PM,188
D896,U143,S004,9.6,Solo,2025-06-26 06:33 PM,473
D897,U495,S001,3.1,Solo,2025-06-29 12:09 PM,487
D898,U313,S005,7.0,Grouped,2025-06-30 12:53 PM,491
D899,U196,S004,7.0,Grouped,2025-06-28 05:40 PM,164
D900,U106,S001,6.9,Solo,2025-06-25 06:27 PM,322
D901,U027,S002,10.6,Grouped,2025-06-28 05:45 PM,327
D902,U391,S003,6.5,Grouped,2025-06-27 05:33 AM,361
D903,U387,S001,13.6,Solo,2025-06-29 07:11 AM,464
D904,U386,S001,9.7,Grouped,2025-06-26 12:32 AM,224
D905,U372,S004,12.8,Solo,2025-06-27 01:17 AM,493
D906,U219,S004,12.2,Grouped,2025-06-27 01:43 PM,463
D907,U056,S004,9.2,Solo,2025-06-26 08:27 PM,489
D908,U481,S001,9.0,Solo,2025-06-30 10:12 AM,343
D909,U369,S003,9.4,Solo,2025-06-26 04:52 PM,133
D910,U492,S004,7.0,Grouped,2025-06-28 01:12 AM,117
D911,U465,S001,2.2,Solo,2025-06-29 11:40 PM,93
D912,U128,S005,12.0,Solo,2025-06-29 09:34 AM,222
D913,U293,S005,7.1,Solo,2025-06-27 10:28 AM,235
D914,U138,S005,10.6,Grouped,2025-06-27 10:50 PM,113
D915,U158,S004,9.4,Solo,2025-06-30 09:38 AM,478
D916,U136,S002,13.0,Solo,2025-06-27 12:47 PM,286
D917,U009,S005,7.7,Solo,2025-06-26 03:43 PM,68
D918,U495,S001,6.7,Grouped,2025-06-25 06:15 PM,259
D919,U030,S005,9.5,Grouped,2025-06-26 08:12 AM,191
D920,U460,S004,9.9,Solo,2025-06-29 01:13 AM,82
D921,U226,S004,4.3,Solo,2025-06-26 01:01 AM,182
D922,U445,S004,8.4,Grouped,2025-06-26 12:54 PM,372
D923,U090,S005,3.9,Grouped,2025-06-27 10:27 PM,169
D924,U059,S001,10.5,Grouped,2025-06-29 07:49 PM,400
D925,U260,S003,13.2,Solo,2025-06-30 09:58 AM,71
D926,U284,S004,11.3,Grouped,2025-06-26 12:58 AM,415
D927,U133,S004,14.7,Grouped,2025-06-28 03:51 AM,397
D928,U433,S005,13.1,Solo,2025-06-29 03:50 PM,326
D929,U368,S002,2.6,Grouped,2025-06-30 06:51 AM,229
D930,U056,S005,3.0,Solo,2025-06-29 11:55 AM,107
D931,U262,S003,3.0,Grouped,2025-06-30 05:40 AM,216
D932,U293,S001,6.8,Solo,2025-06-30 01:28 AM,86
D933,U329,S003,7.5,Solo,2025-06-27 09:27 AM,123
D934,U013,S003,6.2,Solo,2025-06-27 11:30 AM,221
D935,U500,S003,7.3,Solo,2025-06-27 03:20 AM,290
D936,U483,S001,14.7,Grouped,2025-06-27 08:40 PM,132
D937,U189,S004,2.6,Grouped,2025-06-29 07:25 AM,352
D938,U014,S001,3.4,Grouped,2025-06-29 07:54 PM,463
D939,U161,S005,8.6,Solo,2025-06-26 05:40 PM,160
D940,U194,S003,12.8,Grouped,2025-06-28 08:16 PM,386
D941,U372,S002,4.0,Grouped,2025-06-30 08:50 AM,89
D942,U491,S002,14.2,Grouped,2025-06-26 11:04 AM,339
D943,U258,S002,15.0,Solo,2025-06-27 11:03 AM,325
D944,U376,S005,3.6,Grouped,2025-06-29 05:12 PM,360
D945,U242,S005,10.6,Solo,2025-06-26 03:44 PM,212
D946,U138,S005,4.5,Solo,2025-06-26 05:50 AM,174
D947,U169,S002,5.2,Solo,2025-06-27 11:52 AM,168
D948,U234,S004,6.1,Grouped,2025-06-26 04:10 AM,404
D949,U124,S005,7.8,Solo,2025-06-28 11:50 AM,235
D950,U041,S005,6.6,Grouped,2025-06-30 03:07 AM,235
D951,U335,S001,8.3,Grouped,2025-06-28 03:48 PM,279
D952,U403,S002,7.4,Grouped,2025-06-29 04:59 PM,325
D953,U126,S001,12.1,Solo,2025-06-28 10:42 PM,395
D954,U300,S004,10.7,Solo,2025-06-27 12:33 AM,457
D955,U147,S001,6.4,Grouped,2025-06-27 10:43 AM,91
D956,U210,S003,7.5,Grouped,2025-06-26 10:19 PM,344
D957,U254,S001,10.2,Grouped,2025-06-26 10:09 PM,142
D958,U449,S004,7.9,Grouped,2025-06-28 07:32 AM,111
D959,U215,S005,5.4,Solo,2025-06-29 03:50 AM,430
D960,U052,S005,3.6,Grouped,2025-06-29 07:58 AM,476
D961,U221,S002,2.3,Grouped,2025-06-28 03:03 PM,87
D962,U068,S003,8.7,Solo,2025-06-27 02:05 PM,266
D963,U182,S005,3.7,Grouped,2025-06-28 01:29 AM,414
D964,U151,S005,3.5,Solo,2025-06-30 03:08 PM,352
D965,U312,S005,10.0,Grouped,2025-06-26 12:38 AM,87
D966,U379,S003,14.0,Solo,2025-06-28 08:25 AM,259
D967,U323,S002,7.8,Solo,2025-06-28 09:11 AM,198
D968,U388,S001,8.2,Grouped,2025-06-28 01:38 AM,425
D969,U094,S003,11.4,Grouped,2025-06-27 04:41 AM,127
D970,U459,S003,2.1,Solo,2025-06-26 07:43 AM,395
D971,U333,S001,7.9,Solo,2025-06-29 09:00 PM,274
D972,U091,S003,8.6,Solo,2025-06-30 02:21 AM,445
D973,U050,S001,5.0,Solo,2025-06-26 02:25 AM,224
D974,U025,S005,9.3,Solo,2025-06-27 07:01 AM,196
D975,U166,S005,7.0,Grouped,2025-06-27 07:35 PM,123
D976,U022,S002,12.6,Grouped,2025-06-27 07:24 PM,270
D977,U266,S005,5.6,Solo,2025-06-27 04:52 PM,100
D978,U178,S004,5.7,Grouped,2025-06-29 03:01 AM,197
D979,U141,S004,8.3,Grouped,2025-06-29 11:10 AM,136
D980,U148,S001,14.2,Solo,2025-06-29 02:47 AM,360
D981,U386,S005,3.4,Grouped,2025-06-26 05:43 AM,391
D982,U143,S001,3.8,Grouped,2025-06-28 06:13 PM,332
D983,U430,S004,8.6,Grouped,2025-06-29 10:08 AM,64
D984,U307,S003,13.7,Grouped,2025-06-28 01:16 AM,53
D985,U251,S001,12.8,Grouped,2025-06-26 12:33 PM,239
D986,U105,S001,5.7,Solo,2025-06-30 01:42 AM,424
D987,U228,S001,8.8,Solo,2025-06-26 06:59 AM,201
D988,U471,S005,3.4,Grouped,2025-06-28 10:10 PM,277
D989,U456,S003,7.6,Solo,2025-06-30 04:49 AM,94
D990,U443,S004,3.8,Solo,2025-06-27 11:57 AM,424
D991,U343,S003,3.5,Solo,2025-06-29 12:21 AM,461
D992,U041,S005,11.7,Grouped,2025-06-27 04:14 PM,422
D993,U039,S004,6.3,Solo,2025-06-29 05:47 PM,191
D994,U233,S004,10.2,Grouped,2025-06-27 10:50 PM,411
D995,U353,S003,6.1,Grouped,2025-06-27 02:17 PM,271
D996,U052,S003,14.1,Solo,2025-06-27 10:41 PM,147
D997,U431,S003,9.3,Grouped,2025-06-29 10:42 AM,374
D998,U322,S004,2.1,Grouped,2025-06-26 04:04 PM,350
D999,U193,S001,13.3,Grouped,2025-06-30 01:36 PM,394
